schema_name,role_name,privilege,has_privilege,status,observation_source
core,anon,USAGE,,unavailable,static_migration_analysis
core,anon,SELECT,,unavailable,static_migration_analysis
core,anon,INSERT,,unavailable,static_migration_analysis
core,anon,UPDATE,,unavailable,static_migration_analysis
core,anon,DELETE,,unavailable,static_migration_analysis
core,authenticated,USAGE,,unavailable,static_migration_analysis
core,authenticated,SELECT,,unavailable,static_migration_analysis
core,authenticated,INSERT,,unavailable,static_migration_analysis
core,authenticated,UPDATE,,unavailable,static_migration_analysis
core,authenticated,DELETE,,unavailable,static_migration_analysis
core,service_role,USAGE,,unavailable,static_migration_analysis
core,service_role,SELECT,,unavailable,static_migration_analysis
core,service_role,INSERT,,unavailable,static_migration_analysis
core,service_role,UPDATE,,unavailable,static_migration_analysis
core,service_role,DELETE,,unavailable,static_migration_analysis
catalog,anon,USAGE,,unavailable,static_migration_analysis
catalog,anon,SELECT,,unavailable,static_migration_analysis
catalog,anon,INSERT,,unavailable,static_migration_analysis
catalog,anon,UPDATE,,unavailable,static_migration_analysis
catalog,anon,DELETE,,unavailable,static_migration_analysis
catalog,authenticated,USAGE,,unavailable,static_migration_analysis
catalog,authenticated,SELECT,,unavailable,static_migration_analysis
catalog,authenticated,INSERT,,unavailable,static_migration_analysis
catalog,authenticated,UPDATE,,unavailable,static_migration_analysis
catalog,authenticated,DELETE,,unavailable,static_migration_analysis
catalog,service_role,USAGE,,unavailable,static_migration_analysis
catalog,service_role,SELECT,,unavailable,static_migration_analysis
catalog,service_role,INSERT,,unavailable,static_migration_analysis
catalog,service_role,UPDATE,,unavailable,static_migration_analysis
catalog,service_role,DELETE,,unavailable,static_migration_analysis
taxonomy,anon,USAGE,,unavailable,static_migration_analysis
taxonomy,anon,SELECT,,unavailable,static_migration_analysis
taxonomy,anon,INSERT,,unavailable,static_migration_analysis
taxonomy,anon,UPDATE,,unavailable,static_migration_analysis
taxonomy,anon,DELETE,,unavailable,static_migration_analysis
taxonomy,authenticated,USAGE,,unavailable,static_migration_analysis
taxonomy,authenticated,SELECT,,unavailable,static_migration_analysis
taxonomy,authenticated,INSERT,,unavailable,static_migration_analysis
taxonomy,authenticated,UPDATE,,unavailable,static_migration_analysis
taxonomy,authenticated,DELETE,,unavailable,static_migration_analysis
taxonomy,service_role,USAGE,,unavailable,static_migration_analysis
taxonomy,service_role,SELECT,,unavailable,static_migration_analysis
taxonomy,service_role,INSERT,,unavailable,static_migration_analysis
taxonomy,service_role,UPDATE,,unavailable,static_migration_analysis
taxonomy,service_role,DELETE,,unavailable,static_migration_analysis
evidence,anon,USAGE,,unavailable,static_migration_analysis
evidence,anon,SELECT,,unavailable,static_migration_analysis
evidence,anon,INSERT,,unavailable,static_migration_analysis
evidence,anon,UPDATE,,unavailable,static_migration_analysis
evidence,anon,DELETE,,unavailable,static_migration_analysis
evidence,authenticated,USAGE,,unavailable,static_migration_analysis
evidence,authenticated,SELECT,,unavailable,static_migration_analysis
evidence,authenticated,INSERT,,unavailable,static_migration_analysis
evidence,authenticated,UPDATE,,unavailable,static_migration_analysis
evidence,authenticated,DELETE,,unavailable,static_migration_analysis
evidence,service_role,USAGE,,unavailable,static_migration_analysis
evidence,service_role,SELECT,,unavailable,static_migration_analysis
evidence,service_role,INSERT,,unavailable,static_migration_analysis
evidence,service_role,UPDATE,,unavailable,static_migration_analysis
evidence,service_role,DELETE,,unavailable,static_migration_analysis
labour,anon,USAGE,,unavailable,static_migration_analysis
labour,anon,SELECT,,unavailable,static_migration_analysis
labour,anon,INSERT,,unavailable,static_migration_analysis
labour,anon,UPDATE,,unavailable,static_migration_analysis
labour,anon,DELETE,,unavailable,static_migration_analysis
labour,authenticated,USAGE,,unavailable,static_migration_analysis
labour,authenticated,SELECT,,unavailable,static_migration_analysis
labour,authenticated,INSERT,,unavailable,static_migration_analysis
labour,authenticated,UPDATE,,unavailable,static_migration_analysis
labour,authenticated,DELETE,,unavailable,static_migration_analysis
labour,service_role,USAGE,,unavailable,static_migration_analysis
labour,service_role,SELECT,,unavailable,static_migration_analysis
labour,service_role,INSERT,,unavailable,static_migration_analysis
labour,service_role,UPDATE,,unavailable,static_migration_analysis
labour,service_role,DELETE,,unavailable,static_migration_analysis
reporting,anon,USAGE,,unavailable,static_migration_analysis
reporting,anon,SELECT,,unavailable,static_migration_analysis
reporting,anon,INSERT,,unavailable,static_migration_analysis
reporting,anon,UPDATE,,unavailable,static_migration_analysis
reporting,anon,DELETE,,unavailable,static_migration_analysis
reporting,authenticated,USAGE,,unavailable,static_migration_analysis
reporting,authenticated,SELECT,,unavailable,static_migration_analysis
reporting,authenticated,INSERT,,unavailable,static_migration_analysis
reporting,authenticated,UPDATE,,unavailable,static_migration_analysis
reporting,authenticated,DELETE,,unavailable,static_migration_analysis
reporting,service_role,USAGE,,unavailable,static_migration_analysis
reporting,service_role,SELECT,,unavailable,static_migration_analysis
reporting,service_role,INSERT,,unavailable,static_migration_analysis
reporting,service_role,UPDATE,,unavailable,static_migration_analysis
reporting,service_role,DELETE,,unavailable,static_migration_analysis
ingest,anon,USAGE,,unavailable,static_migration_analysis
ingest,anon,SELECT,,unavailable,static_migration_analysis
ingest,anon,INSERT,,unavailable,static_migration_analysis
ingest,anon,UPDATE,,unavailable,static_migration_analysis
ingest,anon,DELETE,,unavailable,static_migration_analysis
ingest,authenticated,USAGE,,unavailable,static_migration_analysis
ingest,authenticated,SELECT,,unavailable,static_migration_analysis
ingest,authenticated,INSERT,,unavailable,static_migration_analysis
ingest,authenticated,UPDATE,,unavailable,static_migration_analysis
ingest,authenticated,DELETE,,unavailable,static_migration_analysis
ingest,service_role,USAGE,,unavailable,static_migration_analysis
ingest,service_role,SELECT,,unavailable,static_migration_analysis
ingest,service_role,INSERT,,unavailable,static_migration_analysis
ingest,service_role,UPDATE,,unavailable,static_migration_analysis
ingest,service_role,DELETE,,unavailable,static_migration_analysis
api_private,anon,USAGE,,unavailable,static_migration_analysis
api_private,anon,SELECT,,unavailable,static_migration_analysis
api_private,anon,INSERT,,unavailable,static_migration_analysis
api_private,anon,UPDATE,,unavailable,static_migration_analysis
api_private,anon,DELETE,,unavailable,static_migration_analysis
api_private,authenticated,USAGE,,unavailable,static_migration_analysis
api_private,authenticated,SELECT,,unavailable,static_migration_analysis
api_private,authenticated,INSERT,,unavailable,static_migration_analysis
api_private,authenticated,UPDATE,,unavailable,static_migration_analysis
api_private,authenticated,DELETE,,unavailable,static_migration_analysis
api_private,service_role,USAGE,,unavailable,static_migration_analysis
api_private,service_role,SELECT,,unavailable,static_migration_analysis
api_private,service_role,INSERT,,unavailable,static_migration_analysis
api_private,service_role,UPDATE,,unavailable,static_migration_analysis
api_private,service_role,DELETE,,unavailable,static_migration_analysis
