row_pk,country,field,metric,current_value,current_source,current_confidence,proposed_source,verifiable,note
8f32847e-ee87-479d-af9a-a85f23a3aeca,AU,accounting,employment,79,QILT Graduate Outcomes Survey 2024 — full-time employment by study area,estimate,QILT Graduate Outcomes Survey,yes,"% full-time employment, recent grads; survey timepoint differs by country"
8f32847e-ee87-479d-af9a-a85f23a3aeca,AU,accounting,visa,occupation_list_match=true; post_study_work_years=2; visa_pathway_score=75,Core Skills Occupation List (CSOL) — Dept of Home Affairs,estimate,Home Affairs Core Skills Occupation List (CSOL) + subclass 485,yes,post_study_work_years=bachelor-level; occupation_list_match needs per-occupation check vs current list
8f32847e-ee87-479d-af9a-a85f23a3aeca,AU,accounting,demand,65,Jobs and Skills Australia — labour market outlook,estimate,Jobs and Skills Australia,hard,"0-100 composite index, NOT a single official statistic; document component inputs"
8f32847e-ee87-479d-af9a-a85f23a3aeca,AU,accounting,ai_exposure,high,OECD AI exposure / Felten occupational AI-exposure index,estimate,OECD AI exposure + Felten occupational AI-exposure index,hard,low/medium/high band; interpretive mapping of published exposure research to the major
8f32847e-ee87-479d-af9a-a85f23a3aeca,AU,accounting,roi,avg_annual_tuition_intl=40000; median_starting_salary=64000; payback_years=4,CRICOS — course tuition registry,estimate,CRICOS (tuition) + QILT (graduate salary),yes,tuition=annual intl; salary=median starting (local ccy); payback=yrs; align tuition vs salary source-years
17a669fb-6768-4cfa-a9bd-bb1b0d3fc639,AU,business-management,employment,76,QILT Graduate Outcomes Survey 2024 — full-time employment by study area,estimate,QILT Graduate Outcomes Survey,yes,"% full-time employment, recent grads; survey timepoint differs by country"
17a669fb-6768-4cfa-a9bd-bb1b0d3fc639,AU,business-management,visa,occupation_list_match=false; post_study_work_years=2; visa_pathway_score=55,Core Skills Occupation List (CSOL) — Dept of Home Affairs,estimate,Home Affairs Core Skills Occupation List (CSOL) + subclass 485,yes,post_study_work_years=bachelor-level; occupation_list_match needs per-occupation check vs current list
17a669fb-6768-4cfa-a9bd-bb1b0d3fc639,AU,business-management,demand,60,Jobs and Skills Australia — labour market outlook,estimate,Jobs and Skills Australia,hard,"0-100 composite index, NOT a single official statistic; document component inputs"
17a669fb-6768-4cfa-a9bd-bb1b0d3fc639,AU,business-management,ai_exposure,high,OECD AI exposure / Felten occupational AI-exposure index,estimate,OECD AI exposure + Felten occupational AI-exposure index,hard,low/medium/high band; interpretive mapping of published exposure research to the major
17a669fb-6768-4cfa-a9bd-bb1b0d3fc639,AU,business-management,roi,avg_annual_tuition_intl=40000; median_starting_salary=62000; payback_years=4.5,CRICOS — course tuition registry,estimate,CRICOS (tuition) + QILT (graduate salary),yes,tuition=annual intl; salary=median starting (local ccy); payback=yrs; align tuition vs salary source-years
c3b2e42a-bd33-4052-9d59-00ce3c8b34b8,AU,civil-engineering,employment,86,QILT Graduate Outcomes Survey 2024 — full-time employment by study area,estimate,QILT Graduate Outcomes Survey,yes,"% full-time employment, recent grads; survey timepoint differs by country"
c3b2e42a-bd33-4052-9d59-00ce3c8b34b8,AU,civil-engineering,visa,occupation_list_match=true; post_study_work_years=2; visa_pathway_score=90,Core Skills Occupation List (CSOL) — Dept of Home Affairs,estimate,Home Affairs Core Skills Occupation List (CSOL) + subclass 485,yes,post_study_work_years=bachelor-level; occupation_list_match needs per-occupation check vs current list
c3b2e42a-bd33-4052-9d59-00ce3c8b34b8,AU,civil-engineering,demand,82,Jobs and Skills Australia — labour market outlook,estimate,Jobs and Skills Australia,hard,"0-100 composite index, NOT a single official statistic; document component inputs"
c3b2e42a-bd33-4052-9d59-00ce3c8b34b8,AU,civil-engineering,ai_exposure,low,OECD AI exposure / Felten occupational AI-exposure index,estimate,OECD AI exposure + Felten occupational AI-exposure index,hard,low/medium/high band; interpretive mapping of published exposure research to the major
c3b2e42a-bd33-4052-9d59-00ce3c8b34b8,AU,civil-engineering,roi,avg_annual_tuition_intl=45000; median_starting_salary=73000; payback_years=3.2,CRICOS — course tuition registry,estimate,CRICOS (tuition) + QILT (graduate salary),yes,tuition=annual intl; salary=median starting (local ccy); payback=yrs; align tuition vs salary source-years
d3a99f25-6417-478c-85bb-9dc678b69696,AU,computer-science,employment,78,QILT Graduate Outcomes Survey 2024 — full-time employment by study area,estimate,QILT Graduate Outcomes Survey,yes,"% full-time employment, recent grads; survey timepoint differs by country"
d3a99f25-6417-478c-85bb-9dc678b69696,AU,computer-science,visa,occupation_list_match=true; post_study_work_years=2; visa_pathway_score=85,Core Skills Occupation List (CSOL) — Dept of Home Affairs,estimate,Home Affairs Core Skills Occupation List (CSOL) + subclass 485,yes,post_study_work_years=bachelor-level; occupation_list_match needs per-occupation check vs current list
d3a99f25-6417-478c-85bb-9dc678b69696,AU,computer-science,demand,75,Jobs and Skills Australia — labour market outlook,estimate,Jobs and Skills Australia,hard,"0-100 composite index, NOT a single official statistic; document component inputs"
d3a99f25-6417-478c-85bb-9dc678b69696,AU,computer-science,ai_exposure,medium,OECD AI exposure / Felten occupational AI-exposure index,estimate,OECD AI exposure + Felten occupational AI-exposure index,hard,low/medium/high band; interpretive mapping of published exposure research to the major
d3a99f25-6417-478c-85bb-9dc678b69696,AU,computer-science,roi,avg_annual_tuition_intl=42000; median_starting_salary=72000; payback_years=3.2,CRICOS — course tuition registry,estimate,CRICOS (tuition) + QILT (graduate salary),yes,tuition=annual intl; salary=median starting (local ccy); payback=yrs; align tuition vs salary source-years
aadd8293-3daa-4549-be40-72704151f9e0,AU,data-analytics,employment,80,QILT Graduate Outcomes Survey 2024 — full-time employment by study area,estimate,QILT Graduate Outcomes Survey,yes,"% full-time employment, recent grads; survey timepoint differs by country"
aadd8293-3daa-4549-be40-72704151f9e0,AU,data-analytics,visa,occupation_list_match=true; post_study_work_years=2; visa_pathway_score=85,Core Skills Occupation List (CSOL) — Dept of Home Affairs,estimate,Home Affairs Core Skills Occupation List (CSOL) + subclass 485,yes,post_study_work_years=bachelor-level; occupation_list_match needs per-occupation check vs current list
aadd8293-3daa-4549-be40-72704151f9e0,AU,data-analytics,demand,80,Jobs and Skills Australia — labour market outlook,estimate,Jobs and Skills Australia,hard,"0-100 composite index, NOT a single official statistic; document component inputs"
aadd8293-3daa-4549-be40-72704151f9e0,AU,data-analytics,ai_exposure,medium,OECD AI exposure / Felten occupational AI-exposure index,estimate,OECD AI exposure + Felten occupational AI-exposure index,hard,low/medium/high band; interpretive mapping of published exposure research to the major
aadd8293-3daa-4549-be40-72704151f9e0,AU,data-analytics,roi,avg_annual_tuition_intl=42000; median_starting_salary=75000; payback_years=3,CRICOS — course tuition registry,estimate,CRICOS (tuition) + QILT (graduate salary),yes,tuition=annual intl; salary=median starting (local ccy); payback=yrs; align tuition vs salary source-years
96a1b6e4-e3c5-412c-9b4f-a17a037cef09,AU,music,employment,65,QILT Graduate Outcomes Survey 2024 — full-time employment by study area,estimate,QILT Graduate Outcomes Survey,yes,"% full-time employment, recent grads; survey timepoint differs by country"
96a1b6e4-e3c5-412c-9b4f-a17a037cef09,AU,music,visa,occupation_list_match=false; post_study_work_years=2; visa_pathway_score=35,Core Skills Occupation List (CSOL) — Dept of Home Affairs,estimate,Home Affairs Core Skills Occupation List (CSOL) + subclass 485,yes,post_study_work_years=bachelor-level; occupation_list_match needs per-occupation check vs current list
96a1b6e4-e3c5-412c-9b4f-a17a037cef09,AU,music,demand,40,Jobs and Skills Australia — labour market outlook,estimate,Jobs and Skills Australia,hard,"0-100 composite index, NOT a single official statistic; document component inputs"
96a1b6e4-e3c5-412c-9b4f-a17a037cef09,AU,music,ai_exposure,medium,OECD AI exposure / Felten occupational AI-exposure index,estimate,OECD AI exposure + Felten occupational AI-exposure index,hard,low/medium/high band; interpretive mapping of published exposure research to the major
96a1b6e4-e3c5-412c-9b4f-a17a037cef09,AU,music,roi,avg_annual_tuition_intl=35000; median_starting_salary=50000; payback_years=6.5,CRICOS — course tuition registry,estimate,CRICOS (tuition) + QILT (graduate salary),yes,tuition=annual intl; salary=median starting (local ccy); payback=yrs; align tuition vs salary source-years
8fe68e01-2514-49ca-83f7-24ab4afba040,AU,nursing,employment,90,QILT Graduate Outcomes Survey 2024 — full-time employment by study area,estimate,QILT Graduate Outcomes Survey,yes,"% full-time employment, recent grads; survey timepoint differs by country"
8fe68e01-2514-49ca-83f7-24ab4afba040,AU,nursing,visa,occupation_list_match=true; post_study_work_years=2; visa_pathway_score=95,Core Skills Occupation List (CSOL) — Dept of Home Affairs,estimate,Home Affairs Core Skills Occupation List (CSOL) + subclass 485,yes,post_study_work_years=bachelor-level; occupation_list_match needs per-occupation check vs current list
8fe68e01-2514-49ca-83f7-24ab4afba040,AU,nursing,demand,90,Jobs and Skills Australia — labour market outlook,estimate,Jobs and Skills Australia,hard,"0-100 composite index, NOT a single official statistic; document component inputs"
8fe68e01-2514-49ca-83f7-24ab4afba040,AU,nursing,ai_exposure,low,OECD AI exposure / Felten occupational AI-exposure index,estimate,OECD AI exposure + Felten occupational AI-exposure index,hard,low/medium/high band; interpretive mapping of published exposure research to the major
8fe68e01-2514-49ca-83f7-24ab4afba040,AU,nursing,roi,avg_annual_tuition_intl=38000; median_starting_salary=70000; payback_years=2.9,CRICOS — course tuition registry,estimate,CRICOS (tuition) + QILT (graduate salary),yes,tuition=annual intl; salary=median starting (local ccy); payback=yrs; align tuition vs salary source-years
e00ccb2e-cd91-41a8-a8f7-439927b9da40,AU,psychology,employment,70,QILT Graduate Outcomes Survey 2024 — full-time employment by study area,estimate,QILT Graduate Outcomes Survey,yes,"% full-time employment, recent grads; survey timepoint differs by country"
e00ccb2e-cd91-41a8-a8f7-439927b9da40,AU,psychology,visa,occupation_list_match=false; post_study_work_years=2; visa_pathway_score=45,Core Skills Occupation List (CSOL) — Dept of Home Affairs,estimate,Home Affairs Core Skills Occupation List (CSOL) + subclass 485,yes,post_study_work_years=bachelor-level; occupation_list_match needs per-occupation check vs current list
e00ccb2e-cd91-41a8-a8f7-439927b9da40,AU,psychology,demand,55,Jobs and Skills Australia — labour market outlook,estimate,Jobs and Skills Australia,hard,"0-100 composite index, NOT a single official statistic; document component inputs"
e00ccb2e-cd91-41a8-a8f7-439927b9da40,AU,psychology,ai_exposure,low,OECD AI exposure / Felten occupational AI-exposure index,estimate,OECD AI exposure + Felten occupational AI-exposure index,hard,low/medium/high band; interpretive mapping of published exposure research to the major
e00ccb2e-cd91-41a8-a8f7-439927b9da40,AU,psychology,roi,avg_annual_tuition_intl=36000; median_starting_salary=58000; payback_years=5,CRICOS — course tuition registry,estimate,CRICOS (tuition) + QILT (graduate salary),yes,tuition=annual intl; salary=median starting (local ccy); payback=yrs; align tuition vs salary source-years
215341e7-7186-413e-a71f-6323c2b70024,AU,software-engineering,employment,82,QILT Graduate Outcomes Survey 2024 — full-time employment by study area,estimate,QILT Graduate Outcomes Survey,yes,"% full-time employment, recent grads; survey timepoint differs by country"
215341e7-7186-413e-a71f-6323c2b70024,AU,software-engineering,visa,occupation_list_match=true; post_study_work_years=2; visa_pathway_score=90,Core Skills Occupation List (CSOL) — Dept of Home Affairs,estimate,Home Affairs Core Skills Occupation List (CSOL) + subclass 485,yes,post_study_work_years=bachelor-level; occupation_list_match needs per-occupation check vs current list
215341e7-7186-413e-a71f-6323c2b70024,AU,software-engineering,demand,78,Jobs and Skills Australia — labour market outlook,estimate,Jobs and Skills Australia,hard,"0-100 composite index, NOT a single official statistic; document component inputs"
215341e7-7186-413e-a71f-6323c2b70024,AU,software-engineering,ai_exposure,medium,OECD AI exposure / Felten occupational AI-exposure index,estimate,OECD AI exposure + Felten occupational AI-exposure index,hard,low/medium/high band; interpretive mapping of published exposure research to the major
215341e7-7186-413e-a71f-6323c2b70024,AU,software-engineering,roi,avg_annual_tuition_intl=45000; median_starting_salary=76000; payback_years=3.1,CRICOS — course tuition registry,estimate,CRICOS (tuition) + QILT (graduate salary),yes,tuition=annual intl; salary=median starting (local ccy); payback=yrs; align tuition vs salary source-years
2b92f7e8-b540-4407-b37d-1df0c2c9cef6,AU,ux-design,employment,72,QILT Graduate Outcomes Survey 2024 — full-time employment by study area,estimate,QILT Graduate Outcomes Survey,yes,"% full-time employment, recent grads; survey timepoint differs by country"
2b92f7e8-b540-4407-b37d-1df0c2c9cef6,AU,ux-design,visa,occupation_list_match=false; post_study_work_years=2; visa_pathway_score=50,Core Skills Occupation List (CSOL) — Dept of Home Affairs,estimate,Home Affairs Core Skills Occupation List (CSOL) + subclass 485,yes,post_study_work_years=bachelor-level; occupation_list_match needs per-occupation check vs current list
2b92f7e8-b540-4407-b37d-1df0c2c9cef6,AU,ux-design,demand,62,Jobs and Skills Australia — labour market outlook,estimate,Jobs and Skills Australia,hard,"0-100 composite index, NOT a single official statistic; document component inputs"
2b92f7e8-b540-4407-b37d-1df0c2c9cef6,AU,ux-design,ai_exposure,medium,OECD AI exposure / Felten occupational AI-exposure index,estimate,OECD AI exposure + Felten occupational AI-exposure index,hard,low/medium/high band; interpretive mapping of published exposure research to the major
2b92f7e8-b540-4407-b37d-1df0c2c9cef6,AU,ux-design,roi,avg_annual_tuition_intl=38000; median_starting_salary=65000; payback_years=4.2,CRICOS — course tuition registry,estimate,CRICOS (tuition) + QILT (graduate salary),yes,tuition=annual intl; salary=median starting (local ccy); payback=yrs; align tuition vs salary source-years
8bfe2f9a-aeeb-4869-9c72-62ad1d978bb5,CA,accounting,employment,79,Statistics Canada — graduate employment & earnings,estimate,Statistics Canada (NGS) / Job Bank,hard,"% full-time employment, recent grads; survey timepoint differs by country"
8bfe2f9a-aeeb-4869-9c72-62ad1d978bb5,CA,accounting,visa,occupation_list_match=false; post_study_work_years=3; visa_pathway_score=65,IRCC — Post-Graduation Work Permit & Express Entry category-based selection,estimate,IRCC PGWP + Express Entry category-based draws,yes,post_study_work_years=bachelor-level; occupation_list_match needs per-occupation check vs current list
8bfe2f9a-aeeb-4869-9c72-62ad1d978bb5,CA,accounting,demand,68,Job Bank — labour market outlook by occupation,estimate,Job Bank outlook ratings,hard,"0-100 composite index, NOT a single official statistic; document component inputs"
8bfe2f9a-aeeb-4869-9c72-62ad1d978bb5,CA,accounting,ai_exposure,high,OECD AI exposure / Felten occupational AI-exposure index,estimate,OECD AI exposure + Felten occupational AI-exposure index,hard,low/medium/high band; interpretive mapping of published exposure research to the major
8bfe2f9a-aeeb-4869-9c72-62ad1d978bb5,CA,accounting,roi,avg_annual_tuition_intl=32000; median_starting_salary=56000; payback_years=6,Statistics Canada — graduate employment & earnings,estimate,Statistics Canada (tuition + graduate earnings),hard,tuition=annual intl; salary=median starting (local ccy); payback=yrs; align tuition vs salary source-years
8cbc7eb5-7bee-4021-9a20-95278d5e3ece,CA,business-management,employment,73,Statistics Canada — graduate employment & earnings,estimate,Statistics Canada (NGS) / Job Bank,hard,"% full-time employment, recent grads; survey timepoint differs by country"
8cbc7eb5-7bee-4021-9a20-95278d5e3ece,CA,business-management,visa,occupation_list_match=false; post_study_work_years=3; visa_pathway_score=65,IRCC — Post-Graduation Work Permit & Express Entry category-based selection,estimate,IRCC PGWP + Express Entry category-based draws,yes,post_study_work_years=bachelor-level; occupation_list_match needs per-occupation check vs current list
8cbc7eb5-7bee-4021-9a20-95278d5e3ece,CA,business-management,demand,64,Job Bank — labour market outlook by occupation,estimate,Job Bank outlook ratings,hard,"0-100 composite index, NOT a single official statistic; document component inputs"
8cbc7eb5-7bee-4021-9a20-95278d5e3ece,CA,business-management,ai_exposure,high,OECD AI exposure / Felten occupational AI-exposure index,estimate,OECD AI exposure + Felten occupational AI-exposure index,hard,low/medium/high band; interpretive mapping of published exposure research to the major
8cbc7eb5-7bee-4021-9a20-95278d5e3ece,CA,business-management,roi,avg_annual_tuition_intl=33000; median_starting_salary=55000; payback_years=6,Statistics Canada — graduate employment & earnings,estimate,Statistics Canada (tuition + graduate earnings),hard,tuition=annual intl; salary=median starting (local ccy); payback=yrs; align tuition vs salary source-years
980ea522-d697-410e-9fd7-33be12b662ec,CA,civil-engineering,employment,83,Statistics Canada — graduate employment & earnings,estimate,Statistics Canada (NGS) / Job Bank,hard,"% full-time employment, recent grads; survey timepoint differs by country"
980ea522-d697-410e-9fd7-33be12b662ec,CA,civil-engineering,visa,occupation_list_match=true; post_study_work_years=3; visa_pathway_score=85,IRCC — Post-Graduation Work Permit & Express Entry category-based selection,estimate,IRCC PGWP + Express Entry category-based draws,yes,post_study_work_years=bachelor-level; occupation_list_match needs per-occupation check vs current list
980ea522-d697-410e-9fd7-33be12b662ec,CA,civil-engineering,demand,75,Job Bank — labour market outlook by occupation,estimate,Job Bank outlook ratings,hard,"0-100 composite index, NOT a single official statistic; document component inputs"
980ea522-d697-410e-9fd7-33be12b662ec,CA,civil-engineering,ai_exposure,low,OECD AI exposure / Felten occupational AI-exposure index,estimate,OECD AI exposure + Felten occupational AI-exposure index,hard,low/medium/high band; interpretive mapping of published exposure research to the major
980ea522-d697-410e-9fd7-33be12b662ec,CA,civil-engineering,roi,avg_annual_tuition_intl=34000; median_starting_salary=66000; payback_years=5,Statistics Canada — graduate employment & earnings,estimate,Statistics Canada (tuition + graduate earnings),hard,tuition=annual intl; salary=median starting (local ccy); payback=yrs; align tuition vs salary source-years
097d6a14-d945-4aba-b1ce-01cf4ecca2e4,CA,computer-science,employment,84,Statistics Canada — graduate employment & earnings,estimate,Statistics Canada (NGS) / Job Bank,hard,"% full-time employment, recent grads; survey timepoint differs by country"
097d6a14-d945-4aba-b1ce-01cf4ecca2e4,CA,computer-science,visa,occupation_list_match=true; post_study_work_years=3; visa_pathway_score=88,IRCC — Post-Graduation Work Permit & Express Entry category-based selection,estimate,IRCC PGWP + Express Entry category-based draws,yes,post_study_work_years=bachelor-level; occupation_list_match needs per-occupation check vs current list
097d6a14-d945-4aba-b1ce-01cf4ecca2e4,CA,computer-science,demand,86,Job Bank — labour market outlook by occupation,estimate,Job Bank outlook ratings,hard,"0-100 composite index, NOT a single official statistic; document component inputs"
097d6a14-d945-4aba-b1ce-01cf4ecca2e4,CA,computer-science,ai_exposure,medium,OECD AI exposure / Felten occupational AI-exposure index,estimate,OECD AI exposure + Felten occupational AI-exposure index,hard,low/medium/high band; interpretive mapping of published exposure research to the major
097d6a14-d945-4aba-b1ce-01cf4ecca2e4,CA,computer-science,roi,avg_annual_tuition_intl=36000; median_starting_salary=70000; payback_years=5,Statistics Canada — graduate employment & earnings,estimate,Statistics Canada (tuition + graduate earnings),hard,tuition=annual intl; salary=median starting (local ccy); payback=yrs; align tuition vs salary source-years
d49935f3-2cd3-42a1-9f1a-120704906c7c,CA,data-analytics,employment,79,Statistics Canada — graduate employment & earnings,estimate,Statistics Canada (NGS) / Job Bank,hard,"% full-time employment, recent grads; survey timepoint differs by country"
d49935f3-2cd3-42a1-9f1a-120704906c7c,CA,data-analytics,visa,occupation_list_match=true; post_study_work_years=3; visa_pathway_score=86,IRCC — Post-Graduation Work Permit & Express Entry category-based selection,estimate,IRCC PGWP + Express Entry category-based draws,yes,post_study_work_years=bachelor-level; occupation_list_match needs per-occupation check vs current list
d49935f3-2cd3-42a1-9f1a-120704906c7c,CA,data-analytics,demand,80,Job Bank — labour market outlook by occupation,estimate,Job Bank outlook ratings,hard,"0-100 composite index, NOT a single official statistic; document component inputs"
d49935f3-2cd3-42a1-9f1a-120704906c7c,CA,data-analytics,ai_exposure,high,OECD AI exposure / Felten occupational AI-exposure index,estimate,OECD AI exposure + Felten occupational AI-exposure index,hard,low/medium/high band; interpretive mapping of published exposure research to the major
d49935f3-2cd3-42a1-9f1a-120704906c7c,CA,data-analytics,roi,avg_annual_tuition_intl=35000; median_starting_salary=65000; payback_years=5,Statistics Canada — graduate employment & earnings,estimate,Statistics Canada (tuition + graduate earnings),hard,tuition=annual intl; salary=median starting (local ccy); payback=yrs; align tuition vs salary source-years
8fd91149-1d5b-4036-aafc-beff6694bb52,CA,music,employment,59,Statistics Canada — graduate employment & earnings,estimate,Statistics Canada (NGS) / Job Bank,hard,"% full-time employment, recent grads; survey timepoint differs by country"
8fd91149-1d5b-4036-aafc-beff6694bb52,CA,music,visa,occupation_list_match=false; post_study_work_years=3; visa_pathway_score=58,IRCC — Post-Graduation Work Permit & Express Entry category-based selection,estimate,IRCC PGWP + Express Entry category-based draws,yes,post_study_work_years=bachelor-level; occupation_list_match needs per-occupation check vs current list
8fd91149-1d5b-4036-aafc-beff6694bb52,CA,music,demand,44,Job Bank — labour market outlook by occupation,estimate,Job Bank outlook ratings,hard,"0-100 composite index, NOT a single official statistic; document component inputs"
8fd91149-1d5b-4036-aafc-beff6694bb52,CA,music,ai_exposure,medium,OECD AI exposure / Felten occupational AI-exposure index,estimate,OECD AI exposure + Felten occupational AI-exposure index,hard,low/medium/high band; interpretive mapping of published exposure research to the major
8fd91149-1d5b-4036-aafc-beff6694bb52,CA,music,roi,avg_annual_tuition_intl=32000; median_starting_salary=42000; payback_years=8,Statistics Canada — graduate employment & earnings,estimate,Statistics Canada (tuition + graduate earnings),hard,tuition=annual intl; salary=median starting (local ccy); payback=yrs; align tuition vs salary source-years
30d7863d-5044-405c-a837-2ffa03207b15,CA,nursing,employment,93,Statistics Canada — graduate employment & earnings,estimate,Statistics Canada (NGS) / Job Bank,hard,"% full-time employment, recent grads; survey timepoint differs by country"
30d7863d-5044-405c-a837-2ffa03207b15,CA,nursing,visa,occupation_list_match=true; post_study_work_years=3; visa_pathway_score=90,IRCC — Post-Graduation Work Permit & Express Entry category-based selection,estimate,IRCC PGWP + Express Entry category-based draws,yes,post_study_work_years=bachelor-level; occupation_list_match needs per-occupation check vs current list
30d7863d-5044-405c-a837-2ffa03207b15,CA,nursing,demand,92,Job Bank — labour market outlook by occupation,estimate,Job Bank outlook ratings,hard,"0-100 composite index, NOT a single official statistic; document component inputs"
30d7863d-5044-405c-a837-2ffa03207b15,CA,nursing,ai_exposure,low,OECD AI exposure / Felten occupational AI-exposure index,estimate,OECD AI exposure + Felten occupational AI-exposure index,hard,low/medium/high band; interpretive mapping of published exposure research to the major
30d7863d-5044-405c-a837-2ffa03207b15,CA,nursing,roi,avg_annual_tuition_intl=32000; median_starting_salary=68000; payback_years=4,Statistics Canada — graduate employment & earnings,estimate,Statistics Canada (tuition + graduate earnings),hard,tuition=annual intl; salary=median starting (local ccy); payback=yrs; align tuition vs salary source-years
831373c3-a300-4a95-a46f-ade525ffea8a,CA,psychology,employment,67,Statistics Canada — graduate employment & earnings,estimate,Statistics Canada (NGS) / Job Bank,hard,"% full-time employment, recent grads; survey timepoint differs by country"
831373c3-a300-4a95-a46f-ade525ffea8a,CA,psychology,visa,occupation_list_match=false; post_study_work_years=3; visa_pathway_score=60,IRCC — Post-Graduation Work Permit & Express Entry category-based selection,estimate,IRCC PGWP + Express Entry category-based draws,yes,post_study_work_years=bachelor-level; occupation_list_match needs per-occupation check vs current list
831373c3-a300-4a95-a46f-ade525ffea8a,CA,psychology,demand,57,Job Bank — labour market outlook by occupation,estimate,Job Bank outlook ratings,hard,"0-100 composite index, NOT a single official statistic; document component inputs"
831373c3-a300-4a95-a46f-ade525ffea8a,CA,psychology,ai_exposure,low,OECD AI exposure / Felten occupational AI-exposure index,estimate,OECD AI exposure + Felten occupational AI-exposure index,hard,low/medium/high band; interpretive mapping of published exposure research to the major
831373c3-a300-4a95-a46f-ade525ffea8a,CA,psychology,roi,avg_annual_tuition_intl=31000; median_starting_salary=48000; payback_years=7,Statistics Canada — graduate employment & earnings,estimate,Statistics Canada (tuition + graduate earnings),hard,tuition=annual intl; salary=median starting (local ccy); payback=yrs; align tuition vs salary source-years
6062585d-cc3d-4ad5-9ab3-fd730558c736,CA,software-engineering,employment,85,Statistics Canada — graduate employment & earnings,estimate,Statistics Canada (NGS) / Job Bank,hard,"% full-time employment, recent grads; survey timepoint differs by country"
6062585d-cc3d-4ad5-9ab3-fd730558c736,CA,software-engineering,visa,occupation_list_match=true; post_study_work_years=3; visa_pathway_score=88,IRCC — Post-Graduation Work Permit & Express Entry category-based selection,estimate,IRCC PGWP + Express Entry category-based draws,yes,post_study_work_years=bachelor-level; occupation_list_match needs per-occupation check vs current list
6062585d-cc3d-4ad5-9ab3-fd730558c736,CA,software-engineering,demand,85,Job Bank — labour market outlook by occupation,estimate,Job Bank outlook ratings,hard,"0-100 composite index, NOT a single official statistic; document component inputs"
6062585d-cc3d-4ad5-9ab3-fd730558c736,CA,software-engineering,ai_exposure,medium,OECD AI exposure / Felten occupational AI-exposure index,estimate,OECD AI exposure + Felten occupational AI-exposure index,hard,low/medium/high band; interpretive mapping of published exposure research to the major
6062585d-cc3d-4ad5-9ab3-fd730558c736,CA,software-engineering,roi,avg_annual_tuition_intl=36000; median_starting_salary=72000; payback_years=5,Statistics Canada — graduate employment & earnings,estimate,Statistics Canada (tuition + graduate earnings),hard,tuition=annual intl; salary=median starting (local ccy); payback=yrs; align tuition vs salary source-years
58984228-a56b-4dc8-b8f4-0799451cb3b0,CA,ux-design,employment,71,Statistics Canada — graduate employment & earnings,estimate,Statistics Canada (NGS) / Job Bank,hard,"% full-time employment, recent grads; survey timepoint differs by country"
58984228-a56b-4dc8-b8f4-0799451cb3b0,CA,ux-design,visa,occupation_list_match=false; post_study_work_years=3; visa_pathway_score=63,IRCC — Post-Graduation Work Permit & Express Entry category-based selection,estimate,IRCC PGWP + Express Entry category-based draws,yes,post_study_work_years=bachelor-level; occupation_list_match needs per-occupation check vs current list
58984228-a56b-4dc8-b8f4-0799451cb3b0,CA,ux-design,demand,62,Job Bank — labour market outlook by occupation,estimate,Job Bank outlook ratings,hard,"0-100 composite index, NOT a single official statistic; document component inputs"
58984228-a56b-4dc8-b8f4-0799451cb3b0,CA,ux-design,ai_exposure,medium,OECD AI exposure / Felten occupational AI-exposure index,estimate,OECD AI exposure + Felten occupational AI-exposure index,hard,low/medium/high band; interpretive mapping of published exposure research to the major
58984228-a56b-4dc8-b8f4-0799451cb3b0,CA,ux-design,roi,avg_annual_tuition_intl=33000; median_starting_salary=60000; payback_years=6,Statistics Canada — graduate employment & earnings,estimate,Statistics Canada (tuition + graduate earnings),hard,tuition=annual intl; salary=median starting (local ccy); payback=yrs; align tuition vs salary source-years
60bb96bd-bf9a-437f-bbec-7b8641626b97,IE,accounting,employment,82,"HEA Graduate Outcomes Survey, Class of 2024",estimate,HEA Graduate Outcomes Survey,yes,"% full-time employment, recent grads; survey timepoint differs by country"
60bb96bd-bf9a-437f-bbec-7b8641626b97,IE,accounting,visa,occupation_list_match=true; post_study_work_years=1; visa_pathway_score=72,Critical Skills Occupations List — Dept of Enterprise,estimate,Dept of Enterprise Critical Skills Occupations List + Stamp 1G,yes,post_study_work_years=bachelor-level; occupation_list_match needs per-occupation check vs current list
60bb96bd-bf9a-437f-bbec-7b8641626b97,IE,accounting,demand,64,EGFSN — labour market and future skills forecasts,estimate,EGFSN / SOLAS skills forecasts,hard,"0-100 composite index, NOT a single official statistic; document component inputs"
60bb96bd-bf9a-437f-bbec-7b8641626b97,IE,accounting,ai_exposure,high,OECD AI exposure / Felten occupational AI-exposure index,estimate,OECD AI exposure + Felten occupational AI-exposure index,hard,low/medium/high band; interpretive mapping of published exposure research to the major
60bb96bd-bf9a-437f-bbec-7b8641626b97,IE,accounting,roi,avg_annual_tuition_intl=18000; median_starting_salary=34000; payback_years=3.8,CSO Ireland — graduate earnings,estimate,HEA/Qualifax (tuition) + CSO graduate earnings,yes,tuition=annual intl; salary=median starting (local ccy); payback=yrs; align tuition vs salary source-years
768b827f-9d57-4a5c-a8f2-2c3a06fbf104,IE,business-management,employment,78,"HEA Graduate Outcomes Survey, Class of 2024",estimate,HEA Graduate Outcomes Survey,yes,"% full-time employment, recent grads; survey timepoint differs by country"
768b827f-9d57-4a5c-a8f2-2c3a06fbf104,IE,business-management,visa,occupation_list_match=false; post_study_work_years=1; visa_pathway_score=50,Critical Skills Occupations List — Dept of Enterprise,estimate,Dept of Enterprise Critical Skills Occupations List + Stamp 1G,yes,post_study_work_years=bachelor-level; occupation_list_match needs per-occupation check vs current list
768b827f-9d57-4a5c-a8f2-2c3a06fbf104,IE,business-management,demand,58,EGFSN — labour market and future skills forecasts,estimate,EGFSN / SOLAS skills forecasts,hard,"0-100 composite index, NOT a single official statistic; document component inputs"
768b827f-9d57-4a5c-a8f2-2c3a06fbf104,IE,business-management,ai_exposure,high,OECD AI exposure / Felten occupational AI-exposure index,estimate,OECD AI exposure + Felten occupational AI-exposure index,hard,low/medium/high band; interpretive mapping of published exposure research to the major
768b827f-9d57-4a5c-a8f2-2c3a06fbf104,IE,business-management,roi,avg_annual_tuition_intl=18000; median_starting_salary=32000; payback_years=4.2,CSO Ireland — graduate earnings,estimate,HEA/Qualifax (tuition) + CSO graduate earnings,yes,tuition=annual intl; salary=median starting (local ccy); payback=yrs; align tuition vs salary source-years
9ef77231-af9b-47a4-b00d-61fbbcc80fe8,IE,civil-engineering,employment,84,"HEA Graduate Outcomes Survey, Class of 2024",estimate,HEA Graduate Outcomes Survey,yes,"% full-time employment, recent grads; survey timepoint differs by country"
9ef77231-af9b-47a4-b00d-61fbbcc80fe8,IE,civil-engineering,visa,occupation_list_match=true; post_study_work_years=1; visa_pathway_score=85,Critical Skills Occupations List — Dept of Enterprise,estimate,Dept of Enterprise Critical Skills Occupations List + Stamp 1G,yes,post_study_work_years=bachelor-level; occupation_list_match needs per-occupation check vs current list
9ef77231-af9b-47a4-b00d-61fbbcc80fe8,IE,civil-engineering,demand,78,EGFSN — labour market and future skills forecasts,estimate,EGFSN / SOLAS skills forecasts,hard,"0-100 composite index, NOT a single official statistic; document component inputs"
9ef77231-af9b-47a4-b00d-61fbbcc80fe8,IE,civil-engineering,ai_exposure,low,OECD AI exposure / Felten occupational AI-exposure index,estimate,OECD AI exposure + Felten occupational AI-exposure index,hard,low/medium/high band; interpretive mapping of published exposure research to the major
9ef77231-af9b-47a4-b00d-61fbbcc80fe8,IE,civil-engineering,roi,avg_annual_tuition_intl=22000; median_starting_salary=38000; payback_years=3.1,CSO Ireland — graduate earnings,estimate,HEA/Qualifax (tuition) + CSO graduate earnings,yes,tuition=annual intl; salary=median starting (local ccy); payback=yrs; align tuition vs salary source-years
1b45455d-2e89-4db6-b436-015457bd97ef,IE,computer-science,employment,85,"HEA Graduate Outcomes Survey, Class of 2024",estimate,HEA Graduate Outcomes Survey,yes,"% full-time employment, recent grads; survey timepoint differs by country"
1b45455d-2e89-4db6-b436-015457bd97ef,IE,computer-science,visa,occupation_list_match=true; post_study_work_years=1; visa_pathway_score=80,Critical Skills Occupations List — Dept of Enterprise,estimate,Dept of Enterprise Critical Skills Occupations List + Stamp 1G,yes,post_study_work_years=bachelor-level; occupation_list_match needs per-occupation check vs current list
1b45455d-2e89-4db6-b436-015457bd97ef,IE,computer-science,demand,80,EGFSN — labour market and future skills forecasts,estimate,EGFSN / SOLAS skills forecasts,hard,"0-100 composite index, NOT a single official statistic; document component inputs"
1b45455d-2e89-4db6-b436-015457bd97ef,IE,computer-science,ai_exposure,medium,OECD AI exposure / Felten occupational AI-exposure index,estimate,OECD AI exposure + Felten occupational AI-exposure index,hard,low/medium/high band; interpretive mapping of published exposure research to the major
1b45455d-2e89-4db6-b436-015457bd97ef,IE,computer-science,roi,avg_annual_tuition_intl=22000; median_starting_salary=42000; payback_years=2.8,CSO Ireland — graduate earnings,estimate,HEA/Qualifax (tuition) + CSO graduate earnings,yes,tuition=annual intl; salary=median starting (local ccy); payback=yrs; align tuition vs salary source-years
ef03d1d4-c88a-455e-9434-089422595bd5,IE,data-analytics,employment,86,"HEA Graduate Outcomes Survey, Class of 2024",estimate,HEA Graduate Outcomes Survey,yes,"% full-time employment, recent grads; survey timepoint differs by country"
ef03d1d4-c88a-455e-9434-089422595bd5,IE,data-analytics,visa,occupation_list_match=true; post_study_work_years=1; visa_pathway_score=80,Critical Skills Occupations List — Dept of Enterprise,estimate,Dept of Enterprise Critical Skills Occupations List + Stamp 1G,yes,post_study_work_years=bachelor-level; occupation_list_match needs per-occupation check vs current list
ef03d1d4-c88a-455e-9434-089422595bd5,IE,data-analytics,demand,82,EGFSN — labour market and future skills forecasts,estimate,EGFSN / SOLAS skills forecasts,hard,"0-100 composite index, NOT a single official statistic; document component inputs"
ef03d1d4-c88a-455e-9434-089422595bd5,IE,data-analytics,ai_exposure,medium,OECD AI exposure / Felten occupational AI-exposure index,estimate,OECD AI exposure + Felten occupational AI-exposure index,hard,low/medium/high band; interpretive mapping of published exposure research to the major
ef03d1d4-c88a-455e-9434-089422595bd5,IE,data-analytics,roi,avg_annual_tuition_intl=22000; median_starting_salary=43000; payback_years=2.7,CSO Ireland — graduate earnings,estimate,HEA/Qualifax (tuition) + CSO graduate earnings,yes,tuition=annual intl; salary=median starting (local ccy); payback=yrs; align tuition vs salary source-years
e064987d-9ddb-40bb-8291-86959ae9cd30,IE,music,employment,68,"HEA Graduate Outcomes Survey, Class of 2024",estimate,HEA Graduate Outcomes Survey,yes,"% full-time employment, recent grads; survey timepoint differs by country"
e064987d-9ddb-40bb-8291-86959ae9cd30,IE,music,visa,occupation_list_match=false; post_study_work_years=1; visa_pathway_score=32,Critical Skills Occupations List — Dept of Enterprise,estimate,Dept of Enterprise Critical Skills Occupations List + Stamp 1G,yes,post_study_work_years=bachelor-level; occupation_list_match needs per-occupation check vs current list
e064987d-9ddb-40bb-8291-86959ae9cd30,IE,music,demand,38,EGFSN — labour market and future skills forecasts,estimate,EGFSN / SOLAS skills forecasts,hard,"0-100 composite index, NOT a single official statistic; document component inputs"
e064987d-9ddb-40bb-8291-86959ae9cd30,IE,music,ai_exposure,medium,OECD AI exposure / Felten occupational AI-exposure index,estimate,OECD AI exposure + Felten occupational AI-exposure index,hard,low/medium/high band; interpretive mapping of published exposure research to the major
e064987d-9ddb-40bb-8291-86959ae9cd30,IE,music,roi,avg_annual_tuition_intl=17000; median_starting_salary=27000; payback_years=6.8,CSO Ireland — graduate earnings,estimate,HEA/Qualifax (tuition) + CSO graduate earnings,yes,tuition=annual intl; salary=median starting (local ccy); payback=yrs; align tuition vs salary source-years
516a18bf-ba5f-4658-8007-f03603832cb0,IE,nursing,employment,92,"HEA Graduate Outcomes Survey, Class of 2024",estimate,HEA Graduate Outcomes Survey,yes,"% full-time employment, recent grads; survey timepoint differs by country"
516a18bf-ba5f-4658-8007-f03603832cb0,IE,nursing,visa,occupation_list_match=true; post_study_work_years=1; visa_pathway_score=95,Critical Skills Occupations List — Dept of Enterprise,estimate,Dept of Enterprise Critical Skills Occupations List + Stamp 1G,yes,post_study_work_years=bachelor-level; occupation_list_match needs per-occupation check vs current list
516a18bf-ba5f-4658-8007-f03603832cb0,IE,nursing,demand,92,EGFSN — labour market and future skills forecasts,estimate,EGFSN / SOLAS skills forecasts,hard,"0-100 composite index, NOT a single official statistic; document component inputs"
516a18bf-ba5f-4658-8007-f03603832cb0,IE,nursing,ai_exposure,low,OECD AI exposure / Felten occupational AI-exposure index,estimate,OECD AI exposure + Felten occupational AI-exposure index,hard,low/medium/high band; interpretive mapping of published exposure research to the major
516a18bf-ba5f-4658-8007-f03603832cb0,IE,nursing,roi,avg_annual_tuition_intl=20000; median_starting_salary=35000; payback_years=3,CSO Ireland — graduate earnings,estimate,HEA/Qualifax (tuition) + CSO graduate earnings,yes,tuition=annual intl; salary=median starting (local ccy); payback=yrs; align tuition vs salary source-years
4fb8335b-b86f-4961-b0a2-de94608a1b0e,IE,psychology,employment,72,"HEA Graduate Outcomes Survey, Class of 2024",estimate,HEA Graduate Outcomes Survey,yes,"% full-time employment, recent grads; survey timepoint differs by country"
4fb8335b-b86f-4961-b0a2-de94608a1b0e,IE,psychology,visa,occupation_list_match=false; post_study_work_years=1; visa_pathway_score=42,Critical Skills Occupations List — Dept of Enterprise,estimate,Dept of Enterprise Critical Skills Occupations List + Stamp 1G,yes,post_study_work_years=bachelor-level; occupation_list_match needs per-occupation check vs current list
4fb8335b-b86f-4961-b0a2-de94608a1b0e,IE,psychology,demand,52,EGFSN — labour market and future skills forecasts,estimate,EGFSN / SOLAS skills forecasts,hard,"0-100 composite index, NOT a single official statistic; document component inputs"
4fb8335b-b86f-4961-b0a2-de94608a1b0e,IE,psychology,ai_exposure,low,OECD AI exposure / Felten occupational AI-exposure index,estimate,OECD AI exposure + Felten occupational AI-exposure index,hard,low/medium/high band; interpretive mapping of published exposure research to the major
4fb8335b-b86f-4961-b0a2-de94608a1b0e,IE,psychology,roi,avg_annual_tuition_intl=18000; median_starting_salary=30000; payback_years=5.2,CSO Ireland — graduate earnings,estimate,HEA/Qualifax (tuition) + CSO graduate earnings,yes,tuition=annual intl; salary=median starting (local ccy); payback=yrs; align tuition vs salary source-years
57e5d4dd-c5d1-4a45-aa62-46c545ca97fb,IE,software-engineering,employment,87,"HEA Graduate Outcomes Survey, Class of 2024",estimate,HEA Graduate Outcomes Survey,yes,"% full-time employment, recent grads; survey timepoint differs by country"
57e5d4dd-c5d1-4a45-aa62-46c545ca97fb,IE,software-engineering,visa,occupation_list_match=true; post_study_work_years=1; visa_pathway_score=82,Critical Skills Occupations List — Dept of Enterprise,estimate,Dept of Enterprise Critical Skills Occupations List + Stamp 1G,yes,post_study_work_years=bachelor-level; occupation_list_match needs per-occupation check vs current list
57e5d4dd-c5d1-4a45-aa62-46c545ca97fb,IE,software-engineering,demand,80,EGFSN — labour market and future skills forecasts,estimate,EGFSN / SOLAS skills forecasts,hard,"0-100 composite index, NOT a single official statistic; document component inputs"
57e5d4dd-c5d1-4a45-aa62-46c545ca97fb,IE,software-engineering,ai_exposure,medium,OECD AI exposure / Felten occupational AI-exposure index,estimate,OECD AI exposure + Felten occupational AI-exposure index,hard,low/medium/high band; interpretive mapping of published exposure research to the major
57e5d4dd-c5d1-4a45-aa62-46c545ca97fb,IE,software-engineering,roi,avg_annual_tuition_intl=23000; median_starting_salary=44000; payback_years=2.7,CSO Ireland — graduate earnings,estimate,HEA/Qualifax (tuition) + CSO graduate earnings,yes,tuition=annual intl; salary=median starting (local ccy); payback=yrs; align tuition vs salary source-years
7ec84597-ebc8-4904-8bc9-6cb3a9eef310,IE,ux-design,employment,74,"HEA Graduate Outcomes Survey, Class of 2024",estimate,HEA Graduate Outcomes Survey,yes,"% full-time employment, recent grads; survey timepoint differs by country"
7ec84597-ebc8-4904-8bc9-6cb3a9eef310,IE,ux-design,visa,occupation_list_match=false; post_study_work_years=1; visa_pathway_score=48,Critical Skills Occupations List — Dept of Enterprise,estimate,Dept of Enterprise Critical Skills Occupations List + Stamp 1G,yes,post_study_work_years=bachelor-level; occupation_list_match needs per-occupation check vs current list
7ec84597-ebc8-4904-8bc9-6cb3a9eef310,IE,ux-design,demand,60,EGFSN — labour market and future skills forecasts,estimate,EGFSN / SOLAS skills forecasts,hard,"0-100 composite index, NOT a single official statistic; document component inputs"
7ec84597-ebc8-4904-8bc9-6cb3a9eef310,IE,ux-design,ai_exposure,medium,OECD AI exposure / Felten occupational AI-exposure index,estimate,OECD AI exposure + Felten occupational AI-exposure index,hard,low/medium/high band; interpretive mapping of published exposure research to the major
7ec84597-ebc8-4904-8bc9-6cb3a9eef310,IE,ux-design,roi,avg_annual_tuition_intl=19000; median_starting_salary=34000; payback_years=4,CSO Ireland — graduate earnings,estimate,HEA/Qualifax (tuition) + CSO graduate earnings,yes,tuition=annual intl; salary=median starting (local ccy); payback=yrs; align tuition vs salary source-years
74ed62f3-da30-40b2-9eff-7c3b0b37df16,UK,accounting,employment,79,HESA Graduate Outcomes Survey,estimate,HESA Graduate Outcomes Survey,yes,"% full-time employment, recent grads; survey timepoint differs by country"
74ed62f3-da30-40b2-9eff-7c3b0b37df16,UK,accounting,visa,occupation_list_match=true; post_study_work_years=2; visa_pathway_score=72,GOV.UK — Graduate Route & Skilled Worker / Immigration Salary List (UKVI),estimate,UKVI Graduate Route + Skilled Worker/Immigration Salary List,yes,post_study_work_years=bachelor-level; occupation_list_match needs per-occupation check vs current list
74ed62f3-da30-40b2-9eff-7c3b0b37df16,UK,accounting,demand,69,ONS labour market overview — demand,estimate,ONS labour market / vacancies,hard,"0-100 composite index, NOT a single official statistic; document component inputs"
74ed62f3-da30-40b2-9eff-7c3b0b37df16,UK,accounting,ai_exposure,high,OECD AI exposure / Felten occupational AI-exposure index,estimate,OECD AI exposure + Felten occupational AI-exposure index,hard,low/medium/high band; interpretive mapping of published exposure research to the major
74ed62f3-da30-40b2-9eff-7c3b0b37df16,UK,accounting,roi,avg_annual_tuition_intl=22000; median_starting_salary=29000; payback_years=5,Discover Uni — tuition & graduate salary data,estimate,Discover Uni / HESA (tuition + LEO earnings),yes,tuition=annual intl; salary=median starting (local ccy); payback=yrs; align tuition vs salary source-years
89021c4e-918c-4e36-9543-0d36ff17bc1d,UK,business-management,employment,73,HESA Graduate Outcomes Survey,estimate,HESA Graduate Outcomes Survey,yes,"% full-time employment, recent grads; survey timepoint differs by country"
89021c4e-918c-4e36-9543-0d36ff17bc1d,UK,business-management,visa,occupation_list_match=false; post_study_work_years=2; visa_pathway_score=55,GOV.UK — Graduate Route & Skilled Worker / Immigration Salary List (UKVI),estimate,UKVI Graduate Route + Skilled Worker/Immigration Salary List,yes,post_study_work_years=bachelor-level; occupation_list_match needs per-occupation check vs current list
89021c4e-918c-4e36-9543-0d36ff17bc1d,UK,business-management,demand,63,ONS labour market overview — demand,estimate,ONS labour market / vacancies,hard,"0-100 composite index, NOT a single official statistic; document component inputs"
89021c4e-918c-4e36-9543-0d36ff17bc1d,UK,business-management,ai_exposure,high,OECD AI exposure / Felten occupational AI-exposure index,estimate,OECD AI exposure + Felten occupational AI-exposure index,hard,low/medium/high band; interpretive mapping of published exposure research to the major
89021c4e-918c-4e36-9543-0d36ff17bc1d,UK,business-management,roi,avg_annual_tuition_intl=23000; median_starting_salary=28000; payback_years=6,Discover Uni — tuition & graduate salary data,estimate,Discover Uni / HESA (tuition + LEO earnings),yes,tuition=annual intl; salary=median starting (local ccy); payback=yrs; align tuition vs salary source-years
b9b85eb3-6a08-4f6a-b8de-0340c6bf70a3,UK,civil-engineering,employment,83,HESA Graduate Outcomes Survey,estimate,HESA Graduate Outcomes Survey,yes,"% full-time employment, recent grads; survey timepoint differs by country"
b9b85eb3-6a08-4f6a-b8de-0340c6bf70a3,UK,civil-engineering,visa,occupation_list_match=true; post_study_work_years=2; visa_pathway_score=78,GOV.UK — Graduate Route & Skilled Worker / Immigration Salary List (UKVI),estimate,UKVI Graduate Route + Skilled Worker/Immigration Salary List,yes,post_study_work_years=bachelor-level; occupation_list_match needs per-occupation check vs current list
b9b85eb3-6a08-4f6a-b8de-0340c6bf70a3,UK,civil-engineering,demand,74,ONS labour market overview — demand,estimate,ONS labour market / vacancies,hard,"0-100 composite index, NOT a single official statistic; document component inputs"
b9b85eb3-6a08-4f6a-b8de-0340c6bf70a3,UK,civil-engineering,ai_exposure,low,OECD AI exposure / Felten occupational AI-exposure index,estimate,OECD AI exposure + Felten occupational AI-exposure index,hard,low/medium/high band; interpretive mapping of published exposure research to the major
b9b85eb3-6a08-4f6a-b8de-0340c6bf70a3,UK,civil-engineering,roi,avg_annual_tuition_intl=24000; median_starting_salary=30000; payback_years=5,Discover Uni — tuition & graduate salary data,estimate,Discover Uni / HESA (tuition + LEO earnings),yes,tuition=annual intl; salary=median starting (local ccy); payback=yrs; align tuition vs salary source-years
a3aa609f-9f04-44a6-9180-490f31ca3e7f,UK,computer-science,employment,84,HESA Graduate Outcomes Survey,estimate,HESA Graduate Outcomes Survey,yes,"% full-time employment, recent grads; survey timepoint differs by country"
a3aa609f-9f04-44a6-9180-490f31ca3e7f,UK,computer-science,visa,occupation_list_match=true; post_study_work_years=2; visa_pathway_score=80,GOV.UK — Graduate Route & Skilled Worker / Immigration Salary List (UKVI),estimate,UKVI Graduate Route + Skilled Worker/Immigration Salary List,yes,post_study_work_years=bachelor-level; occupation_list_match needs per-occupation check vs current list
a3aa609f-9f04-44a6-9180-490f31ca3e7f,UK,computer-science,demand,85,ONS labour market overview — demand,estimate,ONS labour market / vacancies,hard,"0-100 composite index, NOT a single official statistic; document component inputs"
a3aa609f-9f04-44a6-9180-490f31ca3e7f,UK,computer-science,ai_exposure,medium,OECD AI exposure / Felten occupational AI-exposure index,estimate,OECD AI exposure + Felten occupational AI-exposure index,hard,low/medium/high band; interpretive mapping of published exposure research to the major
a3aa609f-9f04-44a6-9180-490f31ca3e7f,UK,computer-science,roi,avg_annual_tuition_intl=26000; median_starting_salary=32000; payback_years=5,Discover Uni — tuition & graduate salary data,estimate,Discover Uni / HESA (tuition + LEO earnings),yes,tuition=annual intl; salary=median starting (local ccy); payback=yrs; align tuition vs salary source-years
7b124c8b-1377-4f1a-8d05-e5367938f449,UK,data-analytics,employment,79,HESA Graduate Outcomes Survey,estimate,HESA Graduate Outcomes Survey,yes,"% full-time employment, recent grads; survey timepoint differs by country"
7b124c8b-1377-4f1a-8d05-e5367938f449,UK,data-analytics,visa,occupation_list_match=true; post_study_work_years=2; visa_pathway_score=80,GOV.UK — Graduate Route & Skilled Worker / Immigration Salary List (UKVI),estimate,UKVI Graduate Route + Skilled Worker/Immigration Salary List,yes,post_study_work_years=bachelor-level; occupation_list_match needs per-occupation check vs current list
7b124c8b-1377-4f1a-8d05-e5367938f449,UK,data-analytics,demand,80,ONS labour market overview — demand,estimate,ONS labour market / vacancies,hard,"0-100 composite index, NOT a single official statistic; document component inputs"
7b124c8b-1377-4f1a-8d05-e5367938f449,UK,data-analytics,ai_exposure,high,OECD AI exposure / Felten occupational AI-exposure index,estimate,OECD AI exposure + Felten occupational AI-exposure index,hard,low/medium/high band; interpretive mapping of published exposure research to the major
7b124c8b-1377-4f1a-8d05-e5367938f449,UK,data-analytics,roi,avg_annual_tuition_intl=25000; median_starting_salary=31000; payback_years=5,Discover Uni — tuition & graduate salary data,estimate,Discover Uni / HESA (tuition + LEO earnings),yes,tuition=annual intl; salary=median starting (local ccy); payback=yrs; align tuition vs salary source-years
df38ce6a-c27e-4986-bb16-cfad7fd2f708,UK,music,employment,59,HESA Graduate Outcomes Survey,estimate,HESA Graduate Outcomes Survey,yes,"% full-time employment, recent grads; survey timepoint differs by country"
df38ce6a-c27e-4986-bb16-cfad7fd2f708,UK,music,visa,occupation_list_match=false; post_study_work_years=2; visa_pathway_score=50,GOV.UK — Graduate Route & Skilled Worker / Immigration Salary List (UKVI),estimate,UKVI Graduate Route + Skilled Worker/Immigration Salary List,yes,post_study_work_years=bachelor-level; occupation_list_match needs per-occupation check vs current list
df38ce6a-c27e-4986-bb16-cfad7fd2f708,UK,music,demand,44,ONS labour market overview — demand,estimate,ONS labour market / vacancies,hard,"0-100 composite index, NOT a single official statistic; document component inputs"
df38ce6a-c27e-4986-bb16-cfad7fd2f708,UK,music,ai_exposure,medium,OECD AI exposure / Felten occupational AI-exposure index,estimate,OECD AI exposure + Felten occupational AI-exposure index,hard,low/medium/high band; interpretive mapping of published exposure research to the major
df38ce6a-c27e-4986-bb16-cfad7fd2f708,UK,music,roi,avg_annual_tuition_intl=23000; median_starting_salary=25000; payback_years=8,Discover Uni — tuition & graduate salary data,estimate,Discover Uni / HESA (tuition + LEO earnings),yes,tuition=annual intl; salary=median starting (local ccy); payback=yrs; align tuition vs salary source-years
cac15741-afbe-4670-a9da-8e1bcbc8975d,UK,nursing,employment,92,HESA Graduate Outcomes Survey,estimate,HESA Graduate Outcomes Survey,yes,"% full-time employment, recent grads; survey timepoint differs by country"
cac15741-afbe-4670-a9da-8e1bcbc8975d,UK,nursing,visa,occupation_list_match=true; post_study_work_years=2; visa_pathway_score=85,GOV.UK — Graduate Route & Skilled Worker / Immigration Salary List (UKVI),estimate,UKVI Graduate Route + Skilled Worker/Immigration Salary List,yes,post_study_work_years=bachelor-level; occupation_list_match needs per-occupation check vs current list
cac15741-afbe-4670-a9da-8e1bcbc8975d,UK,nursing,demand,90,ONS labour market overview — demand,estimate,ONS labour market / vacancies,hard,"0-100 composite index, NOT a single official statistic; document component inputs"
cac15741-afbe-4670-a9da-8e1bcbc8975d,UK,nursing,ai_exposure,low,OECD AI exposure / Felten occupational AI-exposure index,estimate,OECD AI exposure + Felten occupational AI-exposure index,hard,low/medium/high band; interpretive mapping of published exposure research to the major
cac15741-afbe-4670-a9da-8e1bcbc8975d,UK,nursing,roi,avg_annual_tuition_intl=22000; median_starting_salary=28000; payback_years=5,Discover Uni — tuition & graduate salary data,estimate,Discover Uni / HESA (tuition + LEO earnings),yes,tuition=annual intl; salary=median starting (local ccy); payback=yrs; align tuition vs salary source-years
9c6f3956-00c4-4f22-a529-d82becb3d1ea,UK,psychology,employment,67,HESA Graduate Outcomes Survey,estimate,HESA Graduate Outcomes Survey,yes,"% full-time employment, recent grads; survey timepoint differs by country"
9c6f3956-00c4-4f22-a529-d82becb3d1ea,UK,psychology,visa,occupation_list_match=false; post_study_work_years=2; visa_pathway_score=52,GOV.UK — Graduate Route & Skilled Worker / Immigration Salary List (UKVI),estimate,UKVI Graduate Route + Skilled Worker/Immigration Salary List,yes,post_study_work_years=bachelor-level; occupation_list_match needs per-occupation check vs current list
9c6f3956-00c4-4f22-a529-d82becb3d1ea,UK,psychology,demand,57,ONS labour market overview — demand,estimate,ONS labour market / vacancies,hard,"0-100 composite index, NOT a single official statistic; document component inputs"
9c6f3956-00c4-4f22-a529-d82becb3d1ea,UK,psychology,ai_exposure,low,OECD AI exposure / Felten occupational AI-exposure index,estimate,OECD AI exposure + Felten occupational AI-exposure index,hard,low/medium/high band; interpretive mapping of published exposure research to the major
9c6f3956-00c4-4f22-a529-d82becb3d1ea,UK,psychology,roi,avg_annual_tuition_intl=22000; median_starting_salary=26000; payback_years=7,Discover Uni — tuition & graduate salary data,estimate,Discover Uni / HESA (tuition + LEO earnings),yes,tuition=annual intl; salary=median starting (local ccy); payback=yrs; align tuition vs salary source-years
c743a440-ef33-4bb9-a8e3-bfa2f3fa4859,UK,software-engineering,employment,85,HESA Graduate Outcomes Survey,estimate,HESA Graduate Outcomes Survey,yes,"% full-time employment, recent grads; survey timepoint differs by country"
c743a440-ef33-4bb9-a8e3-bfa2f3fa4859,UK,software-engineering,visa,occupation_list_match=true; post_study_work_years=2; visa_pathway_score=82,GOV.UK — Graduate Route & Skilled Worker / Immigration Salary List (UKVI),estimate,UKVI Graduate Route + Skilled Worker/Immigration Salary List,yes,post_study_work_years=bachelor-level; occupation_list_match needs per-occupation check vs current list
c743a440-ef33-4bb9-a8e3-bfa2f3fa4859,UK,software-engineering,demand,84,ONS labour market overview — demand,estimate,ONS labour market / vacancies,hard,"0-100 composite index, NOT a single official statistic; document component inputs"
c743a440-ef33-4bb9-a8e3-bfa2f3fa4859,UK,software-engineering,ai_exposure,medium,OECD AI exposure / Felten occupational AI-exposure index,estimate,OECD AI exposure + Felten occupational AI-exposure index,hard,low/medium/high band; interpretive mapping of published exposure research to the major
c743a440-ef33-4bb9-a8e3-bfa2f3fa4859,UK,software-engineering,roi,avg_annual_tuition_intl=26000; median_starting_salary=34000; payback_years=5,Discover Uni — tuition & graduate salary data,estimate,Discover Uni / HESA (tuition + LEO earnings),yes,tuition=annual intl; salary=median starting (local ccy); payback=yrs; align tuition vs salary source-years
405f4000-183d-4b21-bf37-9b5481e5dec7,UK,ux-design,employment,71,HESA Graduate Outcomes Survey,estimate,HESA Graduate Outcomes Survey,yes,"% full-time employment, recent grads; survey timepoint differs by country"
405f4000-183d-4b21-bf37-9b5481e5dec7,UK,ux-design,visa,occupation_list_match=false; post_study_work_years=2; visa_pathway_score=55,GOV.UK — Graduate Route & Skilled Worker / Immigration Salary List (UKVI),estimate,UKVI Graduate Route + Skilled Worker/Immigration Salary List,yes,post_study_work_years=bachelor-level; occupation_list_match needs per-occupation check vs current list
405f4000-183d-4b21-bf37-9b5481e5dec7,UK,ux-design,demand,62,ONS labour market overview — demand,estimate,ONS labour market / vacancies,hard,"0-100 composite index, NOT a single official statistic; document component inputs"
405f4000-183d-4b21-bf37-9b5481e5dec7,UK,ux-design,ai_exposure,medium,OECD AI exposure / Felten occupational AI-exposure index,estimate,OECD AI exposure + Felten occupational AI-exposure index,hard,low/medium/high band; interpretive mapping of published exposure research to the major
405f4000-183d-4b21-bf37-9b5481e5dec7,UK,ux-design,roi,avg_annual_tuition_intl=23000; median_starting_salary=30000; payback_years=6,Discover Uni — tuition & graduate salary data,estimate,Discover Uni / HESA (tuition + LEO earnings),yes,tuition=annual intl; salary=median starting (local ccy); payback=yrs; align tuition vs salary source-years
5e696660-17d2-4d24-8404-a5837ea6c76c,US,accounting,employment,80,"College Scorecard — tuition, median earnings & graduate outcomes (U.S. Dept of Education)",estimate,College Scorecard (US Dept of Education) + BLS OOH,yes,"% full-time employment, recent grads; survey timepoint differs by country"
5e696660-17d2-4d24-8404-a5837ea6c76c,US,accounting,visa,occupation_list_match=false; post_study_work_years=1; visa_pathway_score=42,USCIS — STEM OPT extension & H-1B visa,estimate,USCIS STEM-OPT designated degree list + H-1B,yes,post_study_work_years=bachelor-level; occupation_list_match needs per-occupation check vs current list
5e696660-17d2-4d24-8404-a5837ea6c76c,US,accounting,demand,70,BLS Occupational Outlook Handbook — employment & demand outlook,estimate,BLS Occupational Outlook Handbook projections,hard,"0-100 composite index, NOT a single official statistic; document component inputs"
5e696660-17d2-4d24-8404-a5837ea6c76c,US,accounting,ai_exposure,high,OECD AI exposure / Felten occupational AI-exposure index,estimate,OECD AI exposure + Felten occupational AI-exposure index,hard,low/medium/high band; interpretive mapping of published exposure research to the major
5e696660-17d2-4d24-8404-a5837ea6c76c,US,accounting,roi,avg_annual_tuition_intl=42000; median_starting_salary=58000; payback_years=7,"College Scorecard — tuition, median earnings & graduate outcomes (U.S. Dept of Education)",estimate,College Scorecard (tuition + median earnings),yes,tuition=annual intl; salary=median starting (local ccy); payback=yrs; align tuition vs salary source-years
9c3182fe-5307-4f56-b9ae-923f19d2e529,US,business-management,employment,74,"College Scorecard — tuition, median earnings & graduate outcomes (U.S. Dept of Education)",estimate,College Scorecard (US Dept of Education) + BLS OOH,yes,"% full-time employment, recent grads; survey timepoint differs by country"
9c3182fe-5307-4f56-b9ae-923f19d2e529,US,business-management,visa,occupation_list_match=false; post_study_work_years=1; visa_pathway_score=40,USCIS — STEM OPT extension & H-1B visa,estimate,USCIS STEM-OPT designated degree list + H-1B,yes,post_study_work_years=bachelor-level; occupation_list_match needs per-occupation check vs current list
9c3182fe-5307-4f56-b9ae-923f19d2e529,US,business-management,demand,65,BLS Occupational Outlook Handbook — employment & demand outlook,estimate,BLS Occupational Outlook Handbook projections,hard,"0-100 composite index, NOT a single official statistic; document component inputs"
9c3182fe-5307-4f56-b9ae-923f19d2e529,US,business-management,ai_exposure,high,OECD AI exposure / Felten occupational AI-exposure index,estimate,OECD AI exposure + Felten occupational AI-exposure index,hard,low/medium/high band; interpretive mapping of published exposure research to the major
9c3182fe-5307-4f56-b9ae-923f19d2e529,US,business-management,roi,avg_annual_tuition_intl=45000; median_starting_salary=60000; payback_years=7,"College Scorecard — tuition, median earnings & graduate outcomes (U.S. Dept of Education)",estimate,College Scorecard (tuition + median earnings),yes,tuition=annual intl; salary=median starting (local ccy); payback=yrs; align tuition vs salary source-years
2f721526-abc5-4a4e-a266-2ce1acfff4c1,US,civil-engineering,employment,84,"College Scorecard — tuition, median earnings & graduate outcomes (U.S. Dept of Education)",estimate,College Scorecard (US Dept of Education) + BLS OOH,yes,"% full-time employment, recent grads; survey timepoint differs by country"
2f721526-abc5-4a4e-a266-2ce1acfff4c1,US,civil-engineering,visa,occupation_list_match=true; post_study_work_years=3; visa_pathway_score=82,USCIS — STEM OPT extension & H-1B visa,estimate,USCIS STEM-OPT designated degree list + H-1B,yes,post_study_work_years=bachelor-level; occupation_list_match needs per-occupation check vs current list
2f721526-abc5-4a4e-a266-2ce1acfff4c1,US,civil-engineering,demand,76,BLS Occupational Outlook Handbook — employment & demand outlook,estimate,BLS Occupational Outlook Handbook projections,hard,"0-100 composite index, NOT a single official statistic; document component inputs"
2f721526-abc5-4a4e-a266-2ce1acfff4c1,US,civil-engineering,ai_exposure,low,OECD AI exposure / Felten occupational AI-exposure index,estimate,OECD AI exposure + Felten occupational AI-exposure index,hard,low/medium/high band; interpretive mapping of published exposure research to the major
2f721526-abc5-4a4e-a266-2ce1acfff4c1,US,civil-engineering,roi,avg_annual_tuition_intl=45000; median_starting_salary=68000; payback_years=6,"College Scorecard — tuition, median earnings & graduate outcomes (U.S. Dept of Education)",estimate,College Scorecard (tuition + median earnings),yes,tuition=annual intl; salary=median starting (local ccy); payback=yrs; align tuition vs salary source-years
928e49cb-aad1-4e87-816c-584ff71b3856,US,computer-science,employment,85,"College Scorecard — tuition, median earnings & graduate outcomes (U.S. Dept of Education)",estimate,College Scorecard (US Dept of Education) + BLS OOH,yes,"% full-time employment, recent grads; survey timepoint differs by country"
928e49cb-aad1-4e87-816c-584ff71b3856,US,computer-science,visa,occupation_list_match=true; post_study_work_years=3; visa_pathway_score=85,USCIS — STEM OPT extension & H-1B visa,estimate,USCIS STEM-OPT designated degree list + H-1B,yes,post_study_work_years=bachelor-level; occupation_list_match needs per-occupation check vs current list
928e49cb-aad1-4e87-816c-584ff71b3856,US,computer-science,demand,88,BLS Occupational Outlook Handbook — employment & demand outlook,estimate,BLS Occupational Outlook Handbook projections,hard,"0-100 composite index, NOT a single official statistic; document component inputs"
928e49cb-aad1-4e87-816c-584ff71b3856,US,computer-science,ai_exposure,medium,OECD AI exposure / Felten occupational AI-exposure index,estimate,OECD AI exposure + Felten occupational AI-exposure index,hard,low/medium/high band; interpretive mapping of published exposure research to the major
928e49cb-aad1-4e87-816c-584ff71b3856,US,computer-science,roi,avg_annual_tuition_intl=50000; median_starting_salary=85000; payback_years=5,"College Scorecard — tuition, median earnings & graduate outcomes (U.S. Dept of Education)",estimate,College Scorecard (tuition + median earnings),yes,tuition=annual intl; salary=median starting (local ccy); payback=yrs; align tuition vs salary source-years
2c5acfc8-6dae-4057-a107-7fc0357dc213,US,data-analytics,employment,80,"College Scorecard — tuition, median earnings & graduate outcomes (U.S. Dept of Education)",estimate,College Scorecard (US Dept of Education) + BLS OOH,yes,"% full-time employment, recent grads; survey timepoint differs by country"
2c5acfc8-6dae-4057-a107-7fc0357dc213,US,data-analytics,visa,occupation_list_match=true; post_study_work_years=3; visa_pathway_score=84,USCIS — STEM OPT extension & H-1B visa,estimate,USCIS STEM-OPT designated degree list + H-1B,yes,post_study_work_years=bachelor-level; occupation_list_match needs per-occupation check vs current list
2c5acfc8-6dae-4057-a107-7fc0357dc213,US,data-analytics,demand,82,BLS Occupational Outlook Handbook — employment & demand outlook,estimate,BLS Occupational Outlook Handbook projections,hard,"0-100 composite index, NOT a single official statistic; document component inputs"
2c5acfc8-6dae-4057-a107-7fc0357dc213,US,data-analytics,ai_exposure,high,OECD AI exposure / Felten occupational AI-exposure index,estimate,OECD AI exposure + Felten occupational AI-exposure index,hard,low/medium/high band; interpretive mapping of published exposure research to the major
2c5acfc8-6dae-4057-a107-7fc0357dc213,US,data-analytics,roi,avg_annual_tuition_intl=48000; median_starting_salary=78000; payback_years=5,"College Scorecard — tuition, median earnings & graduate outcomes (U.S. Dept of Education)",estimate,College Scorecard (tuition + median earnings),yes,tuition=annual intl; salary=median starting (local ccy); payback=yrs; align tuition vs salary source-years
4a33efed-789a-404e-9556-2b7e772f83be,US,music,employment,60,"College Scorecard — tuition, median earnings & graduate outcomes (U.S. Dept of Education)",estimate,College Scorecard (US Dept of Education) + BLS OOH,yes,"% full-time employment, recent grads; survey timepoint differs by country"
4a33efed-789a-404e-9556-2b7e772f83be,US,music,visa,occupation_list_match=false; post_study_work_years=1; visa_pathway_score=35,USCIS — STEM OPT extension & H-1B visa,estimate,USCIS STEM-OPT designated degree list + H-1B,yes,post_study_work_years=bachelor-level; occupation_list_match needs per-occupation check vs current list
4a33efed-789a-404e-9556-2b7e772f83be,US,music,demand,45,BLS Occupational Outlook Handbook — employment & demand outlook,estimate,BLS Occupational Outlook Handbook projections,hard,"0-100 composite index, NOT a single official statistic; document component inputs"
4a33efed-789a-404e-9556-2b7e772f83be,US,music,ai_exposure,medium,OECD AI exposure / Felten occupational AI-exposure index,estimate,OECD AI exposure + Felten occupational AI-exposure index,hard,low/medium/high band; interpretive mapping of published exposure research to the major
4a33efed-789a-404e-9556-2b7e772f83be,US,music,roi,avg_annual_tuition_intl=40000; median_starting_salary=40000; payback_years=9,"College Scorecard — tuition, median earnings & graduate outcomes (U.S. Dept of Education)",estimate,College Scorecard (tuition + median earnings),yes,tuition=annual intl; salary=median starting (local ccy); payback=yrs; align tuition vs salary source-years
c44de1f3-2c70-498a-be53-55273b20267d,US,nursing,employment,92,"College Scorecard — tuition, median earnings & graduate outcomes (U.S. Dept of Education)",estimate,College Scorecard (US Dept of Education) + BLS OOH,yes,"% full-time employment, recent grads; survey timepoint differs by country"
c44de1f3-2c70-498a-be53-55273b20267d,US,nursing,visa,occupation_list_match=false; post_study_work_years=1; visa_pathway_score=45,USCIS — STEM OPT extension & H-1B visa,estimate,USCIS STEM-OPT designated degree list + H-1B,yes,post_study_work_years=bachelor-level; occupation_list_match needs per-occupation check vs current list
c44de1f3-2c70-498a-be53-55273b20267d,US,nursing,demand,90,BLS Occupational Outlook Handbook — employment & demand outlook,estimate,BLS Occupational Outlook Handbook projections,hard,"0-100 composite index, NOT a single official statistic; document component inputs"
c44de1f3-2c70-498a-be53-55273b20267d,US,nursing,ai_exposure,low,OECD AI exposure / Felten occupational AI-exposure index,estimate,OECD AI exposure + Felten occupational AI-exposure index,hard,low/medium/high band; interpretive mapping of published exposure research to the major
c44de1f3-2c70-498a-be53-55273b20267d,US,nursing,roi,avg_annual_tuition_intl=40000; median_starting_salary=75000; payback_years=5,"College Scorecard — tuition, median earnings & graduate outcomes (U.S. Dept of Education)",estimate,College Scorecard (tuition + median earnings),yes,tuition=annual intl; salary=median starting (local ccy); payback=yrs; align tuition vs salary source-years
e71b595e-88ec-45ee-b09f-6ba995f82436,US,psychology,employment,68,"College Scorecard — tuition, median earnings & graduate outcomes (U.S. Dept of Education)",estimate,College Scorecard (US Dept of Education) + BLS OOH,yes,"% full-time employment, recent grads; survey timepoint differs by country"
e71b595e-88ec-45ee-b09f-6ba995f82436,US,psychology,visa,occupation_list_match=false; post_study_work_years=1; visa_pathway_score=38,USCIS — STEM OPT extension & H-1B visa,estimate,USCIS STEM-OPT designated degree list + H-1B,yes,post_study_work_years=bachelor-level; occupation_list_match needs per-occupation check vs current list
e71b595e-88ec-45ee-b09f-6ba995f82436,US,psychology,demand,58,BLS Occupational Outlook Handbook — employment & demand outlook,estimate,BLS Occupational Outlook Handbook projections,hard,"0-100 composite index, NOT a single official statistic; document component inputs"
e71b595e-88ec-45ee-b09f-6ba995f82436,US,psychology,ai_exposure,low,OECD AI exposure / Felten occupational AI-exposure index,estimate,OECD AI exposure + Felten occupational AI-exposure index,hard,low/medium/high band; interpretive mapping of published exposure research to the major
e71b595e-88ec-45ee-b09f-6ba995f82436,US,psychology,roi,avg_annual_tuition_intl=38000; median_starting_salary=45000; payback_years=8,"College Scorecard — tuition, median earnings & graduate outcomes (U.S. Dept of Education)",estimate,College Scorecard (tuition + median earnings),yes,tuition=annual intl; salary=median starting (local ccy); payback=yrs; align tuition vs salary source-years
5bea7358-537c-4b2a-bd82-55345dd949b0,US,software-engineering,employment,86,"College Scorecard — tuition, median earnings & graduate outcomes (U.S. Dept of Education)",estimate,College Scorecard (US Dept of Education) + BLS OOH,yes,"% full-time employment, recent grads; survey timepoint differs by country"
5bea7358-537c-4b2a-bd82-55345dd949b0,US,software-engineering,visa,occupation_list_match=true; post_study_work_years=3; visa_pathway_score=86,USCIS — STEM OPT extension & H-1B visa,estimate,USCIS STEM-OPT designated degree list + H-1B,yes,post_study_work_years=bachelor-level; occupation_list_match needs per-occupation check vs current list
5bea7358-537c-4b2a-bd82-55345dd949b0,US,software-engineering,demand,87,BLS Occupational Outlook Handbook — employment & demand outlook,estimate,BLS Occupational Outlook Handbook projections,hard,"0-100 composite index, NOT a single official statistic; document component inputs"
5bea7358-537c-4b2a-bd82-55345dd949b0,US,software-engineering,ai_exposure,medium,OECD AI exposure / Felten occupational AI-exposure index,estimate,OECD AI exposure + Felten occupational AI-exposure index,hard,low/medium/high band; interpretive mapping of published exposure research to the major
5bea7358-537c-4b2a-bd82-55345dd949b0,US,software-engineering,roi,avg_annual_tuition_intl=50000; median_starting_salary=90000; payback_years=5,"College Scorecard — tuition, median earnings & graduate outcomes (U.S. Dept of Education)",estimate,College Scorecard (tuition + median earnings),yes,tuition=annual intl; salary=median starting (local ccy); payback=yrs; align tuition vs salary source-years
835de242-fce5-4f00-bd07-530dfc437966,US,ux-design,employment,72,"College Scorecard — tuition, median earnings & graduate outcomes (U.S. Dept of Education)",estimate,College Scorecard (US Dept of Education) + BLS OOH,yes,"% full-time employment, recent grads; survey timepoint differs by country"
835de242-fce5-4f00-bd07-530dfc437966,US,ux-design,visa,occupation_list_match=false; post_study_work_years=1; visa_pathway_score=42,USCIS — STEM OPT extension & H-1B visa,estimate,USCIS STEM-OPT designated degree list + H-1B,yes,post_study_work_years=bachelor-level; occupation_list_match needs per-occupation check vs current list
835de242-fce5-4f00-bd07-530dfc437966,US,ux-design,demand,64,BLS Occupational Outlook Handbook — employment & demand outlook,estimate,BLS Occupational Outlook Handbook projections,hard,"0-100 composite index, NOT a single official statistic; document component inputs"
835de242-fce5-4f00-bd07-530dfc437966,US,ux-design,ai_exposure,medium,OECD AI exposure / Felten occupational AI-exposure index,estimate,OECD AI exposure + Felten occupational AI-exposure index,hard,low/medium/high band; interpretive mapping of published exposure research to the major
835de242-fce5-4f00-bd07-530dfc437966,US,ux-design,roi,avg_annual_tuition_intl=42000; median_starting_salary=65000; payback_years=6,"College Scorecard — tuition, median earnings & graduate outcomes (U.S. Dept of Education)",estimate,College Scorecard (tuition + median earnings),yes,tuition=annual intl; salary=median starting (local ccy); payback=yrs; align tuition vs salary source-years
